timestep,temperature
0,29.8
5000,163.89999999999998
10000,298.00000000000006
